"","lambda","intensity"
"570",300.09,-0.012934
"571",300.3,-0.01741
"572",300.51,-0.0077335
"573",300.73,-0.017369
"574",300.94,-0.013098
"575",301.15,-0.0093697
"576",301.36,-0.018309
"577",301.58,-0.014504
"578",301.79,0.0017523
"579",302,-0.011865
"580",302.21,-0.013703
"581",302.43,-0.0058832
"582",302.64,-0.014384
"583",302.85,-0.0049667
"584",303.06,-0.016174
"585",303.28,-0.0057632
"586",303.49,-0.013305
"587",303.7,-0.0002181
"588",303.91,-0.010891
"589",304.13,-0.013117
"590",304.34,-0.0083813
"591",304.55,0.00096568
"592",304.76,-0.014692
"593",304.98,-0.010348
"594",305.19,-0.00053086
"595",305.4,-0.012462
"596",305.61,-0.0031474
"597",305.82,-0.0097133
"598",306.04,-0.0012593
"599",306.25,-0.013452
"600",306.46,0.00069962
"601",306.67,-0.010628
"602",306.89,-0.0083873
"603",307.1,-0.00087713
"604",307.31,-0.0025248
"605",307.52,-0.005847
"606",307.74,0.0024428
"607",307.95,0.0023366
"608",308.16,-0.014486
"609",308.37,-0.0037467
"610",308.58,-0.0062337
"611",308.8,0.0009547
"612",309.01,-0.0011906
"613",309.22,-0.012604
"614",309.43,-0.0076166
"615",309.64,0.00074858
"616",309.86,0.0073521
"617",310.07,-0.0020578
"618",310.28,0.0012668
"619",310.49,0.0027402
"620",310.7,-0.005862
"621",310.92,0.0043392
"622",311.13,-0.00090406
"623",311.34,0.0012836
"624",311.55,0.0024078
"625",311.76,0.0015555
"626",311.98,0.013815
"627",312.19,0.0016796
"628",312.4,-0.0036095
"629",312.61,-9.3896e-05
"630",312.82,0.0066358
"631",313.04,-0.0014836
"632",313.25,0.0074036
"633",313.46,0.00052354
"634",313.67,0.0014214
"635",313.88,0.0039832
"636",314.1,0.0006956
"637",314.31,0.0013981
"638",314.52,0.0024822
"639",314.73,0.0057996
"640",314.94,0.01283
"641",315.16,0.014732
"642",315.37,0.022027
"643",315.58,0.0064915
"644",315.79,0.0143
"645",316,0.017176
"646",316.21,0.021748
"647",316.43,0.0048358
"648",316.64,0.010522
"649",316.85,0.0080512
"650",317.06,0.016561
"651",317.27,0.0214
"652",317.48,0.012178
"653",317.7,0.015076
"654",317.91,0.013141
"655",318.12,0.022147
"656",318.33,0.010569
"657",318.54,0.014137
"658",318.75,0.016367
"659",318.97,0.024306
"660",319.18,0.016631
"661",319.39,0.014124
"662",319.6,0.015492
"663",319.81,0.021502
"664",320.02,0.013297
"665",320.24,0.013311
"666",320.45,0.017807
"667",320.66,0.0068644
"668",320.87,0.015783
"669",321.08,0.023162
"670",321.29,0.022494
"671",321.5,0.014011
"672",321.72,0.011899
"673",321.93,0.025971
"674",322.14,0.016748
"675",322.35,0.026749
"676",322.56,0.027681
"677",322.77,0.031718
"678",322.98,0.020762
"679",323.2,0.031167
"680",323.41,0.016934
"681",323.62,0.016103
"682",323.83,0.025739
"683",324.04,0.018809
"684",324.25,0.019064
"685",324.46,0.025042
"686",324.67,0.028724
"687",324.89,0.02546
"688",325.1,0.024613
"689",325.31,0.03755
"690",325.52,0.032
"691",325.73,0.025553
"692",325.94,0.029932
"693",326.15,0.022144
"694",326.36,0.039913
"695",326.58,0.043599
"696",326.79,0.041365
"697",327,0.020698
"698",327.21,0.040285
"699",327.42,0.0397
"700",327.63,0.039851
"701",327.84,0.036765
"702",328.05,0.044809
"703",328.26,0.02547
"704",328.48,0.038097
"705",328.69,0.043135
"706",328.9,0.037474
"707",329.11,0.036852
"708",329.32,0.037895
"709",329.53,0.031755
"710",329.74,0.036704
"711",329.95,0.044272
"712",330.16,0.040701
"713",330.37,0.035157
"714",330.59,0.053996
"715",330.8,0.042989
"716",331.01,0.044771
"717",331.22,0.043444
"718",331.43,0.034415
"719",331.64,0.033959
"720",331.85,0.050266
"721",332.06,0.047228
"722",332.27,0.034386
"723",332.48,0.046572
"724",332.69,0.05154
"725",332.91,0.044819
"726",333.12,0.043244
"727",333.33,0.056587
"728",333.54,0.035696
"729",333.75,0.03162
"730",333.96,0.036772
"731",334.17,0.034319
"732",334.38,0.036205
"733",334.59,0.043538
"734",334.8,0.045073
"735",335.01,0.042677
"736",335.22,0.036915
"737",335.43,0.034613
"738",335.64,0.037705
"739",335.86,0.041598
"740",336.07,0.041103
"741",336.28,0.028743
"742",336.49,0.043186
"743",336.7,0.033332
"744",336.91,0.033858
"745",337.12,0.031345
"746",337.33,0.047212
"747",337.54,0.036909
"748",337.75,0.034922
"749",337.96,0.045585
"750",338.17,0.044637
"751",338.38,0.032634
"752",338.59,0.047476
"753",338.8,0.03108
"754",339.01,0.048851
"755",339.22,0.046986
"756",339.43,0.047655
"757",339.65,0.041031
"758",339.86,0.036041
"759",340.07,0.035465
"760",340.28,0.044299
"761",340.49,0.043809
"762",340.7,0.046048
"763",340.91,0.036125
"764",341.12,0.032234
"765",341.33,0.043056
"766",341.54,0.04743
"767",341.75,0.037855
"768",341.96,0.041468
"769",342.17,0.044751
"770",342.38,0.038805
"771",342.59,0.04249
"772",342.8,0.034762
"773",343.01,0.040836
"774",343.22,0.039248
"775",343.43,0.03562
"776",343.64,0.03222
"777",343.85,0.040549
"778",344.06,0.027997
"779",344.27,0.039034
"780",344.48,0.047489
"781",344.69,0.039602
"782",344.9,0.041524
"783",345.11,0.036701
"784",345.32,0.035115
"785",345.53,0.026021
"786",345.74,0.04193
"787",345.95,0.02931
"788",346.16,0.037763
"789",346.37,0.037148
"790",346.58,0.036668
"791",346.79,0.030213
"792",347,0.041144
"793",347.21,0.042498
"794",347.42,0.033524
"795",347.63,0.028132
"796",347.84,0.038081
"797",348.05,0.042837
"798",348.26,0.037069
"799",348.47,0.040042
"800",348.68,0.039066
"801",348.89,0.027847
"802",349.1,0.036098
"803",349.31,0.03949
"804",349.52,0.034308
"805",349.73,0.037274
"806",349.94,0.038671
"807",350.15,0.032236
"808",350.36,0.047148
"809",350.57,0.044228
"810",350.78,0.045613
"811",350.99,0.045791
"812",351.2,0.039573
"813",351.41,0.045414
"814",351.62,0.040764
"815",351.83,0.042176
"816",352.04,0.041525
"817",352.25,0.047421
"818",352.46,0.042864
"819",352.67,0.03881
"820",352.88,0.052363
"821",353.09,0.030503
"822",353.3,0.041372
"823",353.51,0.042942
"824",353.72,0.051009
"825",353.93,0.040929
"826",354.14,0.036076
"827",354.35,0.048843
"828",354.56,0.039696
"829",354.77,0.052967
"830",354.98,0.031828
"831",355.19,0.038317
"832",355.39,0.040147
"833",355.6,0.037132
"834",355.81,0.041633
"835",356.02,0.043964
"836",356.23,0.03157
"837",356.44,0.02871
"838",356.65,0.042335
"839",356.86,0.034839
"840",357.07,0.033206
"841",357.28,0.041319
"842",357.49,0.036871
"843",357.7,0.040687
"844",357.91,0.030025
"845",358.12,0.029766
"846",358.33,0.038586
"847",358.54,0.041354
"848",358.75,0.036216
"849",358.96,0.042505
"850",359.16,0.028866
"851",359.37,0.046121
"852",359.58,0.041238
"853",359.79,0.037734
"854",360,0.03857
"855",360.21,0.040313
"856",360.42,0.038178
"857",360.63,0.057685
"858",360.84,0.048416
"859",361.05,0.033062
"860",361.26,0.043355
"861",361.47,0.052252
"862",361.68,0.043403
"863",361.88,0.04879
"864",362.09,0.042439
"865",362.3,0.049309
"866",362.51,0.046115
"867",362.72,0.058253
"868",362.93,0.049028
"869",363.14,0.051585
"870",363.35,0.048934
"871",363.56,0.047436
"872",363.77,0.058895
"873",363.98,0.055322
"874",364.18,0.062335
"875",364.39,0.059896
"876",364.6,0.05472
"877",364.81,0.057733
"878",365.02,0.06
"879",365.23,0.062025
"880",365.44,0.061806
"881",365.65,0.060476
"882",365.86,0.050478
"883",366.07,0.068514
"884",366.27,0.061437
"885",366.48,0.065327
"886",366.69,0.061922
"887",366.9,0.069085
"888",367.11,0.065203
"889",367.32,0.066686
"890",367.53,0.060876
"891",367.74,0.056982
"892",367.95,0.057147
"893",368.15,0.061123
"894",368.36,0.065837
"895",368.57,0.052274
"896",368.78,0.071574
"897",368.99,0.059581
"898",369.2,0.058094
"899",369.41,0.064532
"900",369.62,0.059935
"901",369.82,0.069224
"902",370.03,0.060368
"903",370.24,0.063432
"904",370.45,0.058604
"905",370.66,0.05309
"906",370.87,0.053275
"907",371.08,0.055351
"908",371.28,0.054871
"909",371.49,0.055484
"910",371.7,0.054146
"911",371.91,0.054288
"912",372.12,0.048652
"913",372.33,0.048846
"914",372.54,0.054271
"915",372.74,0.052614
"916",372.95,0.041498
"917",373.16,0.055417
"918",373.37,0.057894
"919",373.58,0.042475
"920",373.79,0.055143
"921",374,0.050989
"922",374.2,0.061388
"923",374.41,0.059135
"924",374.62,0.052977
"925",374.83,0.052646
"926",375.04,0.055113
"927",375.25,0.056588
"928",375.45,0.041295
"929",375.66,0.059069
"930",375.87,0.057818
"931",376.08,0.062007
"932",376.29,0.060682
"933",376.5,0.058847
"934",376.7,0.056922
"935",376.91,0.062949
"936",377.12,0.064493
"937",377.33,0.052992
"938",377.54,0.055246
"939",377.75,0.063485
"940",377.95,0.057511
"941",378.16,0.060043
"942",378.37,0.053754
"943",378.58,0.063147
"944",378.79,0.048735
"945",379,0.06333
"946",379.2,0.053595
"947",379.41,0.057797
"948",379.62,0.059734
"949",379.83,0.053813
"950",380.04,0.055094
"951",380.24,0.049974
"952",380.45,0.043043
"953",380.66,0.045416
"954",380.87,0.049927
"955",381.08,0.050773
"956",381.28,0.041713
"957",381.49,0.047745
"958",381.7,0.040163
"959",381.91,0.042463
"960",382.12,0.047313
"961",382.32,0.040347
"962",382.53,0.046049
"963",382.74,0.037243
"964",382.95,0.040518
"965",383.16,0.04373
"966",383.36,0.03164
"967",383.57,0.042941
"968",383.78,0.04652
"969",383.99,0.03848
"970",384.2,0.04133
"971",384.4,0.042055
"972",384.61,0.048601
"973",384.82,0.051372
"974",385.03,0.044804
"975",385.23,0.04713
"976",385.44,0.047835
"977",385.65,0.051869
"978",385.86,0.042888
"979",386.07,0.059986
"980",386.27,0.03985
"981",386.48,0.047462
"982",386.69,0.053276
"983",386.9,0.035556
"984",387.1,0.046846
"985",387.31,0.05433
"986",387.52,0.047823
"987",387.73,0.052301
"988",387.94,0.057271
"989",388.14,0.044066
"990",388.35,0.049135
"991",388.56,0.065372
"992",388.77,0.057621
"993",388.97,0.058451
"994",389.18,0.064478
"995",389.39,0.055087
"996",389.6,0.057717
"997",389.8,0.064666
"998",390.01,0.061111
"999",390.22,0.060237
"1000",390.43,0.049423
"1001",390.63,0.05298
"1002",390.84,0.052375
"1003",391.05,0.064002
"1004",391.26,0.05335
"1005",391.46,0.051214
"1006",391.67,0.051055
"1007",391.88,0.04221
"1008",392.09,0.041637
"1009",392.29,0.052863
"1010",392.5,0.045072
"1011",392.71,0.049098
"1012",392.92,0.050817
"1013",393.12,0.049414
"1014",393.33,0.054622
"1015",393.54,0.046363
"1016",393.74,0.041184
"1017",393.95,0.045089
"1018",394.16,0.054047
"1019",394.37,0.047429
"1020",394.57,0.048627
"1021",394.78,0.05462
"1022",394.99,0.050129
"1023",395.19,0.049054
"1024",395.4,0.049006
"1025",395.61,0.04889
"1026",395.82,0.057597
"1027",396.02,0.052405
"1028",396.23,0.058822
"1029",396.44,0.06093
"1030",396.65,0.05684
"1031",396.85,0.06524
"1032",397.06,0.061987
"1033",397.27,0.06622
"1034",397.47,0.07164
"1035",397.68,0.066661
"1036",397.89,0.064716
"1037",398.09,0.063959
"1038",398.3,0.071409
"1039",398.51,0.065832
"1040",398.72,0.074058
"1041",398.92,0.08146
"1042",399.13,0.082842
"1043",399.34,0.088917
"1044",399.54,0.091217
"1045",399.75,0.087709
"1046",399.96,0.081883
"1047",400.16,0.082133
"1048",400.37,0.090019
"1049",400.58,0.089474
"1050",400.78,0.092426
"1051",400.99,0.08871
"1052",401.2,0.096465
"1053",401.41,0.094224
"1054",401.61,0.086844
"1055",401.82,0.093151
"1056",402.03,0.08769
"1057",402.23,0.087113
"1058",402.44,0.095598
"1059",402.65,0.090293
"1060",402.85,0.091455
"1061",403.06,0.091446
"1062",403.27,0.094384
"1063",403.47,0.092225
"1064",403.68,0.087189
"1065",403.89,0.093764
"1066",404.09,0.088319
"1067",404.3,0.082704
"1068",404.51,0.093613
"1069",404.71,0.092237
"1070",404.92,0.09696
"1071",405.13,0.080107
"1072",405.33,0.086185
"1073",405.54,0.087545
"1074",405.75,0.089987
"1075",405.95,0.088314
"1076",406.16,0.078483
"1077",406.37,0.08849
"1078",406.57,0.089269
"1079",406.78,0.091712
"1080",406.99,0.089896
"1081",407.19,0.093218
"1082",407.4,0.097583
"1083",407.6,0.093973
"1084",407.81,0.092818
"1085",408.02,0.085965
"1086",408.22,0.087902
"1087",408.43,0.096335
"1088",408.64,0.09391
"1089",408.84,0.091933
"1090",409.05,0.084526
"1091",409.26,0.09611
"1092",409.46,0.098869
"1093",409.67,0.090905
"1094",409.87,0.095808
"1095",410.08,0.093514
"1096",410.29,0.10257
"1097",410.49,0.087558
"1098",410.7,0.098671
"1099",410.91,0.095627
"1100",411.11,0.10217
"1101",411.32,0.098887
"1102",411.52,0.090795
"1103",411.73,0.10216
"1104",411.94,0.10133
"1105",412.14,0.10367
"1106",412.35,0.097432
"1107",412.56,0.10381
"1108",412.76,0.10295
"1109",412.97,0.096879
"1110",413.17,0.10097
"1111",413.38,0.10596
"1112",413.59,0.09653
"1113",413.79,0.099054
"1114",414,0.1023
"1115",414.2,0.10395
"1116",414.41,0.094347
"1117",414.62,0.10144
"1118",414.82,0.097033
"1119",415.03,0.091283
"1120",415.23,0.10147
"1121",415.44,0.093023
"1122",415.65,0.099693
"1123",415.85,0.092384
"1124",416.06,0.10084
"1125",416.26,0.097382
"1126",416.47,0.09903
"1127",416.68,0.10343
"1128",416.88,0.10529
"1129",417.09,0.086341
"1130",417.29,0.096451
"1131",417.5,0.10015
"1132",417.71,0.097638
"1133",417.91,0.095735
"1134",418.12,0.094243
"1135",418.32,0.10149
"1136",418.53,0.10117
"1137",418.73,0.094089
"1138",418.94,0.094925
"1139",419.15,0.093188
"1140",419.35,0.10357
"1141",419.56,0.098218
"1142",419.76,0.089496
"1143",419.97,0.1036
"1144",420.17,0.098389
"1145",420.38,0.086481
"1146",420.59,0.10128
"1147",420.79,0.10177
"1148",421,0.095014
"1149",421.2,0.086586
"1150",421.41,0.094454
"1151",421.61,0.091786
"1152",421.82,0.096281
"1153",422.02,0.09355
"1154",422.23,0.082131
"1155",422.44,0.10098
"1156",422.64,0.091221
"1157",422.85,0.09349
"1158",423.05,0.094708
"1159",423.26,0.095823
"1160",423.46,0.094022
"1161",423.67,0.091295
"1162",423.87,0.091802
"1163",424.08,0.089512
"1164",424.29,0.089283
"1165",424.49,0.096327
"1166",424.7,0.085103
"1167",424.9,0.094337
"1168",425.11,0.095105
"1169",425.31,0.093231
"1170",425.52,0.095812
"1171",425.72,0.088933
"1172",425.93,0.091836
"1173",426.13,0.087517
"1174",426.34,0.089365
"1175",426.54,0.08846
"1176",426.75,0.089905
"1177",426.95,0.089084
"1178",427.16,0.088798
"1179",427.36,0.087348
"1180",427.57,0.082129
"1181",427.78,0.080616
"1182",427.98,0.080511
"1183",428.19,0.081971
"1184",428.39,0.076699
"1185",428.6,0.077597
"1186",428.8,0.078954
"1187",429.01,0.083032
"1188",429.21,0.071971
"1189",429.42,0.087299
"1190",429.62,0.084837
"1191",429.83,0.080098
"1192",430.03,0.073991
"1193",430.24,0.083343
"1194",430.44,0.075178
"1195",430.65,0.081019
"1196",430.85,0.082843
"1197",431.06,0.076501
"1198",431.26,0.085888
"1199",431.47,0.075825
"1200",431.67,0.091807
"1201",431.88,0.087274
"1202",432.08,0.089985
"1203",432.29,0.090848
"1204",432.49,0.085491
"1205",432.7,0.085631
"1206",432.9,0.096189
"1207",433.11,0.094477
"1208",433.31,0.081934
"1209",433.52,0.091406
"1210",433.72,0.088318
"1211",433.93,0.091694
"1212",434.13,0.0909
"1213",434.34,0.10088
"1214",434.54,0.089956
"1215",434.74,0.093064
"1216",434.95,0.095552
"1217",435.15,0.092501
"1218",435.36,0.096034
"1219",435.56,0.090842
"1220",435.77,0.097768
"1221",435.97,0.090672
"1222",436.18,0.10887
"1223",436.38,0.099956
"1224",436.59,0.095368
"1225",436.79,0.10276
"1226",437,0.10089
"1227",437.2,0.09711
"1228",437.41,0.095823
"1229",437.61,0.099451
"1230",437.81,0.098563
"1231",438.02,0.098248
"1232",438.22,0.10198
"1233",438.43,0.094054
"1234",438.63,0.10706
"1235",438.84,0.097334
"1236",439.04,0.098661
"1237",439.25,0.10065
"1238",439.45,0.095448
"1239",439.66,0.096564
"1240",439.86,0.098283
"1241",440.06,0.10848
"1242",440.27,0.099585
"1243",440.47,0.094823
"1244",440.68,0.107
"1245",440.88,0.10281
"1246",441.09,0.10858
"1247",441.29,0.10781
"1248",441.49,0.10699
"1249",441.7,0.11342
"1250",441.9,0.10932
"1251",442.11,0.11248
"1252",442.31,0.11625
"1253",442.52,0.10902
"1254",442.72,0.10852
"1255",442.92,0.10307
"1256",443.13,0.11232
"1257",443.33,0.10059
"1258",443.54,0.10856
"1259",443.74,0.10751
"1260",443.95,0.11314
"1261",444.15,0.10919
"1262",444.35,0.11381
"1263",444.56,0.10794
"1264",444.76,0.10378
"1265",444.97,0.1177
"1266",445.17,0.11283
"1267",445.37,0.12023
"1268",445.58,0.10798
"1269",445.78,0.11114
"1270",445.99,0.10439
"1271",446.19,0.1046
"1272",446.39,0.10686
"1273",446.6,0.10284
"1274",446.8,0.1032
"1275",447.01,0.11149
"1276",447.21,0.11711
"1277",447.41,0.10724
"1278",447.62,0.1157
"1279",447.82,0.11175
"1280",448.03,0.1152
"1281",448.23,0.11448
"1282",448.43,0.11597
"1283",448.64,0.11805
"1284",448.84,0.11698
"1285",449.05,0.11387
"1286",449.25,0.11816
"1287",449.45,0.11188
"1288",449.66,0.11445
"1289",449.86,0.1157
"1290",450.07,0.10984
"1291",450.27,0.11488
"1292",450.47,0.11213
"1293",450.68,0.11477
"1294",450.88,0.1114
"1295",451.08,0.11455
"1296",451.29,0.11704
"1297",451.49,0.11671
"1298",451.7,0.11526
"1299",451.9,0.11795
"1300",452.1,0.11707
"1301",452.31,0.10939
"1302",452.51,0.1175
"1303",452.71,0.11548
"1304",452.92,0.11387
"1305",453.12,0.11938
"1306",453.32,0.11444
"1307",453.53,0.10496
"1308",453.73,0.10679
"1309",453.93,0.10773
"1310",454.14,0.11892
"1311",454.34,0.11628
"1312",454.55,0.11918
"1313",454.75,0.11678
"1314",454.95,0.11264
"1315",455.16,0.12278
"1316",455.36,0.11382
"1317",455.56,0.1243
"1318",455.77,0.12126
"1319",455.97,0.11821
"1320",456.17,0.11488
"1321",456.38,0.11886
"1322",456.58,0.12462
"1323",456.78,0.11729
"1324",456.99,0.11107
"1325",457.19,0.11673
"1326",457.39,0.11577
"1327",457.6,0.11807
"1328",457.8,0.11649
"1329",458,0.11459
"1330",458.21,0.12115
"1331",458.41,0.11961
"1332",458.61,0.11542
"1333",458.82,0.11443
"1334",459.02,0.11089
"1335",459.22,0.12262
"1336",459.43,0.12006
"1337",459.63,0.11767
"1338",459.83,0.11395
"1339",460.03,0.11716
"1340",460.24,0.1204
"1341",460.44,0.11402
"1342",460.64,0.11016
"1343",460.85,0.11732
"1344",461.05,0.11648
"1345",461.25,0.11735
"1346",461.46,0.11403
"1347",461.66,0.11118
"1348",461.86,0.11675
"1349",462.07,0.11984
"1350",462.27,0.11728
"1351",462.47,0.122
"1352",462.67,0.1159
"1353",462.88,0.11896
"1354",463.08,0.11051
"1355",463.28,0.1168
"1356",463.49,0.12114
"1357",463.69,0.11703
"1358",463.89,0.11822
"1359",464.09,0.11903
"1360",464.3,0.11438
"1361",464.5,0.12027
"1362",464.7,0.12095
"1363",464.91,0.10973
"1364",465.11,0.11101
"1365",465.31,0.11157
"1366",465.51,0.11774
"1367",465.72,0.11524
"1368",465.92,0.11491
"1369",466.12,0.11092
"1370",466.33,0.11724
"1371",466.53,0.11496
"1372",466.73,0.11185
"1373",466.93,0.11736
"1374",467.14,0.11187
"1375",467.34,0.12367
"1376",467.54,0.11706
"1377",467.74,0.1177
"1378",467.95,0.116
"1379",468.15,0.11293
"1380",468.35,0.11734
"1381",468.55,0.12039
"1382",468.76,0.12007
"1383",468.96,0.10897
"1384",469.16,0.11668
"1385",469.37,0.11591
"1386",469.57,0.11642
"1387",469.77,0.11182
"1388",469.97,0.11591
"1389",470.18,0.11866
"1390",470.38,0.11988
"1391",470.58,0.11646
"1392",470.78,0.11883
"1393",470.99,0.11768
"1394",471.19,0.11427
"1395",471.39,0.11717
"1396",471.59,0.11153
"1397",471.79,0.1155
"1398",472,0.11652
"1399",472.2,0.119
"1400",472.4,0.11407
"1401",472.6,0.11431
"1402",472.81,0.12167
"1403",473.01,0.11941
"1404",473.21,0.11486
"1405",473.41,0.10807
"1406",473.62,0.11969
"1407",473.82,0.12221
"1408",474.02,0.11502
"1409",474.22,0.1159
"1410",474.42,0.1247
"1411",474.63,0.11901
"1412",474.83,0.11591
"1413",475.03,0.11688
"1414",475.23,0.11865
"1415",475.44,0.11548
"1416",475.64,0.11729
"1417",475.84,0.11879
"1418",476.04,0.11675
"1419",476.24,0.11814
"1420",476.45,0.11939
"1421",476.65,0.11625
"1422",476.85,0.11541
"1423",477.05,0.11989
"1424",477.25,0.12197
"1425",477.46,0.11897
"1426",477.66,0.11779
"1427",477.86,0.12199
"1428",478.06,0.1222
"1429",478.26,0.12266
"1430",478.47,0.12075
"1431",478.67,0.12679
"1432",478.87,0.12038
"1433",479.07,0.11685
"1434",479.27,0.12145
"1435",479.47,0.12332
"1436",479.68,0.12262
"1437",479.88,0.12341
"1438",480.08,0.12242
"1439",480.28,0.12356
"1440",480.48,0.12306
"1441",480.69,0.12436
"1442",480.89,0.12209
"1443",481.09,0.12284
"1444",481.29,0.12828
"1445",481.49,0.11528
"1446",481.69,0.1247
"1447",481.9,0.1221
"1448",482.1,0.12316
"1449",482.3,0.12644
"1450",482.5,0.12331
"1451",482.7,0.11971
"1452",482.9,0.1201
"1453",483.11,0.11963
"1454",483.31,0.11939
"1455",483.51,0.11226
"1456",483.71,0.1135
"1457",483.91,0.11429
"1458",484.11,0.11425
"1459",484.32,0.11419
"1460",484.52,0.11583
"1461",484.72,0.11527
"1462",484.92,0.11405
"1463",485.12,0.11303
"1464",485.32,0.11194
"1465",485.52,0.11128
"1466",485.73,0.10717
"1467",485.93,0.10596
"1468",486.13,0.10666
"1469",486.33,0.10838
"1470",486.53,0.1107
"1471",486.73,0.11162
"1472",486.93,0.11018
"1473",487.14,0.11537
"1474",487.34,0.115
"1475",487.54,0.11494
"1476",487.74,0.11758
"1477",487.94,0.11023
"1478",488.14,0.11632
"1479",488.34,0.11618
"1480",488.54,0.11546
"1481",488.75,0.11505
"1482",488.95,0.11614
"1483",489.15,0.11537
"1484",489.35,0.11417
"1485",489.55,0.11465
"1486",489.75,0.11677
"1487",489.95,0.1152
"1488",490.15,0.1154
"1489",490.36,0.11788
"1490",490.56,0.11616
"1491",490.76,0.11951
"1492",490.96,0.11858
"1493",491.16,0.11925
"1494",491.36,0.11819
"1495",491.56,0.11722
"1496",491.76,0.11189
"1497",491.96,0.11735
"1498",492.17,0.11646
"1499",492.37,0.11846
"1500",492.57,0.12035
"1501",492.77,0.12029
"1502",492.97,0.12291
"1503",493.17,0.12042
"1504",493.37,0.11956
"1505",493.57,0.11894
"1506",493.77,0.11896
"1507",493.97,0.1234
"1508",494.17,0.11974
"1509",494.38,0.12115
"1510",494.58,0.11895
"1511",494.78,0.11942
"1512",494.98,0.11908
"1513",495.18,0.12162
"1514",495.38,0.12135
"1515",495.58,0.12284
"1516",495.78,0.12283
"1517",495.98,0.12476
"1518",496.18,0.12404
"1519",496.38,0.1213
"1520",496.58,0.11757
"1521",496.78,0.12399
"1522",496.99,0.11958
"1523",497.19,0.12355
"1524",497.39,0.12493
"1525",497.59,0.12229
"1526",497.79,0.11875
"1527",497.99,0.12181
"1528",498.19,0.12288
"1529",498.39,0.12342
"1530",498.59,0.11965
"1531",498.79,0.11893
"1532",498.99,0.11877
"1533",499.19,0.12116
"1534",499.39,0.12125
"1535",499.59,0.11857
"1536",499.79,0.11837
"1537",499.99,0.1181
"1538",500.19,0.12145
"1539",500.4,0.11825
"1540",500.6,0.12074
"1541",500.8,0.11996
"1542",501,0.11866
"1543",501.2,0.11744
"1544",501.4,0.12203
"1545",501.6,0.11881
"1546",501.8,0.11911
"1547",502,0.12121
"1548",502.2,0.11964
"1549",502.4,0.11955
"1550",502.6,0.11616
"1551",502.8,0.12353
"1552",503,0.1215
"1553",503.2,0.11931
"1554",503.4,0.1179
"1555",503.6,0.11974
"1556",503.8,0.12326
"1557",504,0.12117
"1558",504.2,0.12416
"1559",504.4,0.12351
"1560",504.6,0.12591
"1561",504.8,0.12566
"1562",505,0.12483
"1563",505.2,0.12759
"1564",505.4,0.12543
"1565",505.6,0.12464
"1566",505.8,0.12645
"1567",506,0.1264
"1568",506.2,0.12565
"1569",506.4,0.12556
"1570",506.6,0.12605
"1571",506.8,0.12421
"1572",507,0.12709
"1573",507.2,0.12874
"1574",507.4,0.13068
"1575",507.6,0.12756
"1576",507.8,0.12929
"1577",508,0.13003
"1578",508.2,0.13342
"1579",508.4,0.13122
"1580",508.6,0.1285
"1581",508.8,0.12665
"1582",509,0.13444
"1583",509.2,0.1318
"1584",509.4,0.13064
"1585",509.6,0.1324
"1586",509.8,0.13037
"1587",510,0.13499
"1588",510.2,0.13414
"1589",510.4,0.13531
"1590",510.6,0.13258
"1591",510.8,0.13124
"1592",511,0.13073
"1593",511.2,0.13642
"1594",511.4,0.13213
"1595",511.6,0.13291
"1596",511.8,0.13398
"1597",512,0.13404
"1598",512.2,0.13588
"1599",512.4,0.13342
"1600",512.6,0.13473
"1601",512.8,0.13492
"1602",513,0.1375
"1603",513.2,0.13629
"1604",513.4,0.13453
"1605",513.59,0.13275
"1606",513.79,0.1364
"1607",513.99,0.13505
"1608",514.19,0.13623
"1609",514.39,0.13432
"1610",514.59,0.13727
"1611",514.79,0.13471
"1612",514.99,0.1344
"1613",515.19,0.1359
"1614",515.39,0.13701
"1615",515.59,0.1378
"1616",515.79,0.13277
"1617",515.99,0.13929
"1618",516.19,0.13838
"1619",516.39,0.13725
"1620",516.59,0.13855
"1621",516.79,0.14192
"1622",516.98,0.13743
"1623",517.18,0.14264
"1624",517.38,0.14257
"1625",517.58,0.14302
"1626",517.78,0.14381
"1627",517.98,0.14504
"1628",518.18,0.14724
"1629",518.38,0.15348
"1630",518.58,0.15016
"1631",518.78,0.15059
"1632",518.98,0.15193
"1633",519.18,0.15505
"1634",519.38,0.15916
"1635",519.57,0.15906
"1636",519.77,0.15732
"1637",519.97,0.16212
"1638",520.17,0.16178
"1639",520.37,0.16303
"1640",520.57,0.16603
"1641",520.77,0.16807
"1642",520.97,0.16821
"1643",521.17,0.16801
"1644",521.37,0.17184
"1645",521.57,0.17452
"1646",521.76,0.17184
"1647",521.96,0.17544
"1648",522.16,0.17485
"1649",522.36,0.17962
"1650",522.56,0.17401
"1651",522.76,0.17771
"1652",522.96,0.18178
"1653",523.16,0.17995
"1654",523.36,0.18318
"1655",523.55,0.17986
"1656",523.75,0.18109
"1657",523.95,0.18192
"1658",524.15,0.18002
"1659",524.35,0.1824
"1660",524.55,0.1835
"1661",524.75,0.18625
"1662",524.95,0.1877
"1663",525.14,0.18594
"1664",525.34,0.18537
"1665",525.54,0.18299
"1666",525.74,0.18634
"1667",525.94,0.18791
"1668",526.14,0.19166
"1669",526.34,0.19141
"1670",526.54,0.19533
"1671",526.73,0.19093
"1672",526.93,0.19651
"1673",527.13,0.19771
"1674",527.33,0.19867
"1675",527.53,0.20158
"1676",527.73,0.19981
"1677",527.93,0.20369
"1678",528.12,0.20012
"1679",528.32,0.20282
"1680",528.52,0.20827
"1681",528.72,0.21037
"1682",528.92,0.20818
"1683",529.12,0.20875
"1684",529.32,0.21095
"1685",529.51,0.21286
"1686",529.71,0.21412
"1687",529.91,0.21429
"1688",530.11,0.21698
"1689",530.31,0.22061
"1690",530.51,0.21652
"1691",530.7,0.21581
"1692",530.9,0.21929
"1693",531.1,0.21751
"1694",531.3,0.21998
"1695",531.5,0.22027
"1696",531.7,0.22167
"1697",531.89,0.21829
"1698",532.09,0.21944
"1699",532.29,0.2188
"1700",532.49,0.22388
"1701",532.69,0.22205
"1702",532.88,0.22113
"1703",533.08,0.21879
"1704",533.28,0.22202
"1705",533.48,0.2266
"1706",533.68,0.22453
"1707",533.88,0.22969
"1708",534.07,0.22905
"1709",534.27,0.22902
"1710",534.47,0.23204
"1711",534.67,0.22635
"1712",534.87,0.23228
"1713",535.06,0.23265
"1714",535.26,0.23031
"1715",535.46,0.2291
"1716",535.66,0.2372
"1717",535.86,0.23141
"1718",536.05,0.23143
"1719",536.25,0.23336
"1720",536.45,0.23464
"1721",536.65,0.23433
"1722",536.85,0.23277
"1723",537.04,0.23572
"1724",537.24,0.2399
"1725",537.44,0.23168
"1726",537.64,0.22969
"1727",537.83,0.23682
"1728",538.03,0.23764
"1729",538.23,0.24047
"1730",538.43,0.23941
"1731",538.63,0.23458
"1732",538.82,0.23689
"1733",539.02,0.2371
"1734",539.22,0.2395
"1735",539.42,0.23607
"1736",539.61,0.23976
"1737",539.81,0.24053
"1738",540.01,0.23661
"1739",540.21,0.23959
"1740",540.41,0.23857
"1741",540.6,0.24047
"1742",540.8,0.24047
"1743",541,0.24107
"1744",541.2,0.24524
"1745",541.39,0.24451
"1746",541.59,0.2438
"1747",541.79,0.24508
"1748",541.99,0.24881
"1749",542.18,0.24638
"1750",542.38,0.24595
"1751",542.58,0.24582
"1752",542.78,0.24821
"1753",542.97,0.24382
"1754",543.17,0.24886
"1755",543.37,0.24578
"1756",543.57,0.25168
"1757",543.76,0.25551
"1758",543.96,0.25339
"1759",544.16,0.24985
"1760",544.36,0.25248
"1761",544.55,0.25776
"1762",544.75,0.25448
"1763",544.95,0.25758
"1764",545.14,0.24954
"1765",545.34,0.25773
"1766",545.54,0.25348
"1767",545.74,0.25515
"1768",545.93,0.25852
"1769",546.13,0.25743
"1770",546.33,0.2542
"1771",546.53,0.25353
"1772",546.72,0.26024
"1773",546.92,0.26011
"1774",547.12,0.25701
"1775",547.31,0.26009
"1776",547.51,0.25852
"1777",547.71,0.26311
"1778",547.91,0.26312
"1779",548.1,0.25705
"1780",548.3,0.26035
"1781",548.5,0.26661
"1782",548.69,0.26499
"1783",548.89,0.26377
"1784",549.09,0.26414
"1785",549.29,0.26232
"1786",549.48,0.27176
"1787",549.68,0.26224
"1788",549.88,0.26844
"1789",550.07,0.27016
"1790",550.27,0.26929
"1791",550.47,0.25144
"1792",550.66,0.27568
"1793",550.86,0.26538
"1794",551.06,0.27559
"1795",551.25,0.26884
"1796",551.45,0.27537
"1797",551.65,0.2757
"1798",551.85,0.279
"1799",552.04,0.26772
"1800",552.24,0.27417
"1801",552.44,0.27042
"1802",552.63,0.2695
"1803",552.83,0.27373
"1804",553.03,0.26826
"1805",553.22,0.27788
"1806",553.42,0.272
"1807",553.62,0.27979
"1808",553.81,0.27207
"1809",554.01,0.27629
"1810",554.21,0.27075
"1811",554.4,0.27501
"1812",554.6,0.27301
"1813",554.8,0.27599
"1814",554.99,0.27571
"1815",555.19,0.27545
"1816",555.39,0.27651
"1817",555.58,0.27226
"1818",555.78,0.27404
"1819",555.98,0.27223
"1820",556.17,0.27209
"1821",556.37,0.27336
"1822",556.56,0.27376
"1823",556.76,0.27343
"1824",556.96,0.26964
"1825",557.15,0.27178
"1826",557.35,0.26949
"1827",557.55,0.26908
"1828",557.74,0.26821
"1829",557.94,0.27215
"1830",558.14,0.27416
"1831",558.33,0.26822
"1832",558.53,0.26711
"1833",558.73,0.27046
"1834",558.92,0.26613
"1835",559.12,0.27457
"1836",559.31,0.27484
"1837",559.51,0.27778
"1838",559.71,0.27242
"1839",559.9,0.27582
"1840",560.1,0.27536
"1841",560.3,0.2744
"1842",560.49,0.27169
"1843",560.69,0.2755
"1844",560.88,0.2793
"1845",561.08,0.27065
"1846",561.28,0.27205
"1847",561.47,0.27664
"1848",561.67,0.27688
"1849",561.86,0.27309
"1850",562.06,0.27492
"1851",562.26,0.27774
"1852",562.45,0.27405
"1853",562.65,0.2771
"1854",562.84,0.27016
"1855",563.04,0.27263
"1856",563.24,0.2713
"1857",563.43,0.27678
"1858",563.63,0.27694
"1859",563.82,0.27327
"1860",564.02,0.27582
"1861",564.22,0.27736
"1862",564.41,0.27019
"1863",564.61,0.27416
"1864",564.8,0.27493
"1865",565,0.271
"1866",565.2,0.27669
"1867",565.39,0.26872
"1868",565.59,0.26538
"1869",565.78,0.27047
"1870",565.98,0.26496
"1871",566.18,0.27355
"1872",566.37,0.26983
"1873",566.57,0.26703
"1874",566.76,0.26437
"1875",566.96,0.27058
"1876",567.15,0.26463
"1877",567.35,0.27239
"1878",567.55,0.26695
"1879",567.74,0.26749
"1880",567.94,0.26352
"1881",568.13,0.26737
"1882",568.33,0.27059
"1883",568.52,0.26922
"1884",568.72,0.26481
"1885",568.91,0.26254
"1886",569.11,0.26313
"1887",569.31,0.26837
"1888",569.5,0.2605
"1889",569.7,0.26485
"1890",569.89,0.26258
"1891",570.09,0.26074
"1892",570.28,0.25871
"1893",570.48,0.26104
"1894",570.67,0.26584
"1895",570.87,0.25735
"1896",571.07,0.25729
"1897",571.26,0.26268
"1898",571.46,0.26129
"1899",571.65,0.26289
"1900",571.85,0.26444
"1901",572.04,0.26087
"1902",572.24,0.26658
"1903",572.43,0.26034
"1904",572.63,0.26553
"1905",572.82,0.26064
"1906",573.02,0.26504
"1907",573.21,0.2601
"1908",573.41,0.26328
"1909",573.6,0.26698
"1910",573.8,0.26421
"1911",573.99,0.26136
"1912",574.19,0.26697
"1913",574.38,0.26262
"1914",574.58,0.26401
"1915",574.78,0.25824
"1916",574.97,0.2647
"1917",575.17,0.26231
"1918",575.36,0.25919
"1919",575.56,0.25588
"1920",575.75,0.26416
"1921",575.95,0.25865
"1922",576.14,0.25618
"1923",576.34,0.26278
"1924",576.53,0.25657
"1925",576.73,0.25769
"1926",576.92,0.25278
"1927",577.12,0.26236
"1928",577.31,0.24953
"1929",577.51,0.26226
"1930",577.7,0.25766
"1931",577.9,0.25746
"1932",578.09,0.26008
"1933",578.29,0.25515
"1934",578.48,0.26144
"1935",578.68,0.25712
"1936",578.87,0.26578
"1937",579.06,0.25582
"1938",579.26,0.25987
"1939",579.45,0.25653
"1940",579.65,0.26652
"1941",579.84,0.25986
"1942",580.04,0.26413
"1943",580.23,0.2666
"1944",580.43,0.25663
"1945",580.62,0.2633
"1946",580.82,0.26377
"1947",581.01,0.26185
"1948",581.21,0.26126
"1949",581.4,0.26011
"1950",581.6,0.26638
"1951",581.79,0.26785
"1952",581.99,0.26188
"1953",582.18,0.26202
"1954",582.37,0.26533
"1955",582.57,0.26518
"1956",582.76,0.26802
"1957",582.96,0.26857
"1958",583.15,0.26753
"1959",583.35,0.26714
"1960",583.54,0.26713
"1961",583.74,0.26509
"1962",583.93,0.26056
"1963",584.12,0.25717
"1964",584.32,0.26644
"1965",584.51,0.26249
"1966",584.71,0.25625
"1967",584.9,0.25751
"1968",585.1,0.25788
"1969",585.29,0.25862
"1970",585.49,0.25885
"1971",585.68,0.26052
"1972",585.87,0.25749
"1973",586.07,0.25558
"1974",586.26,0.25346
"1975",586.46,0.25306
"1976",586.65,0.25066
"1977",586.85,0.253
"1978",587.04,0.24332
"1979",587.23,0.2519
"1980",587.43,0.24873
"1981",587.62,0.23801
"1982",587.82,0.2471
"1983",588.01,0.24177
"1984",588.2,0.24287
"1985",588.4,0.23728
"1986",588.59,0.24203
"1987",588.79,0.24265
"1988",588.98,0.24548
"1989",589.18,0.24061
"1990",589.37,0.24444
"1991",589.56,0.2373
"1992",589.76,0.23546
"1993",589.95,0.24519
"1994",590.15,0.24138
"1995",590.34,0.23775
"1996",590.53,0.24644
"1997",590.73,0.2416
"1998",590.92,0.2421
"1999",591.11,0.24691
"2000",591.31,0.24738
"2001",591.5,0.25075
"2002",591.7,0.24851
"2003",591.89,0.25453
"2004",592.08,0.24619
"2005",592.28,0.24427
"2006",592.47,0.25336
"2007",592.67,0.25203
"2008",592.86,0.25232
"2009",593.05,0.24573
"2010",593.25,0.25405
"2011",593.44,0.25094
"2012",593.63,0.25768
"2013",593.83,0.25084
"2014",594.02,0.25955
"2015",594.22,0.259
"2016",594.41,0.26212
"2017",594.6,0.256
"2018",594.8,0.25736
"2019",594.99,0.25802
"2020",595.18,0.25812
"2021",595.38,0.25608
"2022",595.57,0.25864
"2023",595.76,0.26036
"2024",595.96,0.25916
"2025",596.15,0.25354
"2026",596.34,0.26816
"2027",596.54,0.26673
"2028",596.73,0.26264
"2029",596.93,0.2657
"2030",597.12,0.2619
"2031",597.31,0.26669
"2032",597.51,0.2629
"2033",597.7,0.26429
"2034",597.89,0.26242
"2035",598.09,0.2605
"2036",598.28,0.27287
"2037",598.47,0.26303
"2038",598.67,0.26519
"2039",598.86,0.26076
"2040",599.05,0.27032
"2041",599.25,0.26598
"2042",599.44,0.26907
"2043",599.63,0.27229
"2044",599.83,0.26522
"2045",600.02,0.26599
"2046",600.21,0.26677
"2047",600.41,0.26885
"2048",600.6,0.26162
"2049",600.79,0.26727
"2050",600.98,0.26807
"2051",601.18,0.275
"2052",601.37,0.26465
"2053",601.56,0.26695
"2054",601.76,0.27964
"2055",601.95,0.26803
"2056",602.14,0.27102
"2057",602.34,0.27079
"2058",602.53,0.27682
"2059",602.72,0.26998
"2060",602.92,0.27497
"2061",603.11,0.27143
"2062",603.3,0.27576
"2063",603.49,0.27102
"2064",603.69,0.28063
"2065",603.88,0.27547
"2066",604.07,0.27928
"2067",604.27,0.27516
"2068",604.46,0.26976
"2069",604.65,0.27542
"2070",604.84,0.27395
"2071",605.04,0.27717
"2072",605.23,0.27451
"2073",605.42,0.27465
"2074",605.62,0.27709
"2075",605.81,0.27168
"2076",606,0.27278
"2077",606.19,0.27691
"2078",606.39,0.27687
"2079",606.58,0.2714
"2080",606.77,0.27267
"2081",606.97,0.26879
"2082",607.16,0.27577
"2083",607.35,0.27764
"2084",607.54,0.27361
"2085",607.74,0.2798
"2086",607.93,0.28067
"2087",608.12,0.27339
"2088",608.31,0.27623
"2089",608.51,0.27757
"2090",608.7,0.27368
"2091",608.89,0.27236
"2092",609.08,0.26875
"2093",609.28,0.27445
"2094",609.47,0.27544
"2095",609.66,0.27611
"2096",609.85,0.27714
"2097",610.05,0.27817
"2098",610.24,0.27145
"2099",610.43,0.27443
"2100",610.62,0.27237
"2101",610.82,0.26971
"2102",611.01,0.27397
"2103",611.2,0.27095
"2104",611.39,0.2715
"2105",611.59,0.2702
"2106",611.78,0.27289
"2107",611.97,0.27078
"2108",612.16,0.27697
"2109",612.35,0.26846
"2110",612.55,0.26966
"2111",612.74,0.27415
"2112",612.93,0.27271
"2113",613.12,0.26438
"2114",613.32,0.26934
"2115",613.51,0.27112
"2116",613.7,0.26996
"2117",613.89,0.27095
"2118",614.08,0.27249
"2119",614.28,0.2704
"2120",614.47,0.2673
"2121",614.66,0.26946
"2122",614.85,0.27373
"2123",615.04,0.27273
"2124",615.24,0.27852
"2125",615.43,0.27287
"2126",615.62,0.27003
"2127",615.81,0.27118
"2128",616,0.26375
"2129",616.2,0.27097
"2130",616.39,0.27109
"2131",616.58,0.27098
"2132",616.77,0.2714
"2133",616.96,0.28083
"2134",617.16,0.2808
"2135",617.35,0.27793
"2136",617.54,0.27336
"2137",617.73,0.2722
"2138",617.92,0.27287
"2139",618.12,0.28006
"2140",618.31,0.27819
"2141",618.5,0.2799
"2142",618.69,0.27704
"2143",618.88,0.28732
"2144",619.07,0.28148
"2145",619.27,0.28455
"2146",619.46,0.28501
"2147",619.65,0.292
"2148",619.84,0.28344
"2149",620.03,0.28238
"2150",620.22,0.29126
"2151",620.42,0.27826
"2152",620.61,0.29373
"2153",620.8,0.29063
"2154",620.99,0.2893
"2155",621.18,0.29617
"2156",621.37,0.28614
"2157",621.57,0.27808
"2158",621.76,0.28882
"2159",621.95,0.28673
"2160",622.14,0.28091
"2161",622.33,0.2769
"2162",622.52,0.28206
"2163",622.71,0.28675
"2164",622.91,0.28848
"2165",623.1,0.28675
"2166",623.29,0.28432
"2167",623.48,0.28133
"2168",623.67,0.28615
"2169",623.86,0.286
"2170",624.05,0.2851
"2171",624.25,0.27907
"2172",624.44,0.28621
"2173",624.63,0.29115
"2174",624.82,0.28647
"2175",625.01,0.283
"2176",625.2,0.29012
"2177",625.39,0.28058
"2178",625.58,0.28981
"2179",625.78,0.29184
"2180",625.97,0.27955
"2181",626.16,0.28559
"2182",626.35,0.28458
"2183",626.54,0.29171
"2184",626.73,0.29169
"2185",626.92,0.28776
"2186",627.11,0.28678
"2187",627.31,0.28666
"2188",627.5,0.28519
"2189",627.69,0.28975
"2190",627.88,0.29207
"2191",628.07,0.27429
"2192",628.26,0.28412
"2193",628.45,0.28093
"2194",628.64,0.28362
"2195",628.83,0.28289
"2196",629.02,0.27147
"2197",629.22,0.29299
"2198",629.41,0.28041
"2199",629.6,0.27158
"2200",629.79,0.28824
"2201",629.98,0.28075
"2202",630.17,0.28566
"2203",630.36,0.28398
"2204",630.55,0.28459
"2205",630.74,0.28672
"2206",630.93,0.29167
"2207",631.12,0.27995
"2208",631.31,0.28088
"2209",631.51,0.29022
"2210",631.7,0.28895
"2211",631.89,0.28166
"2212",632.08,0.28423
"2213",632.27,0.28725
"2214",632.46,0.28577
"2215",632.65,0.28659
"2216",632.84,0.2795
"2217",633.03,0.29401
"2218",633.22,0.28632
"2219",633.41,0.29333
"2220",633.6,0.29355
"2221",633.79,0.28799
"2222",633.98,0.27849
"2223",634.17,0.28784
"2224",634.37,0.28753
"2225",634.56,0.29361
"2226",634.75,0.2817
"2227",634.94,0.2927
"2228",635.13,0.28721
"2229",635.32,0.29413
"2230",635.51,0.29326
"2231",635.7,0.28494
"2232",635.89,0.30189
"2233",636.08,0.28987
"2234",636.27,0.28488
"2235",636.46,0.29467
"2236",636.65,0.28911
"2237",636.84,0.28309
"2238",637.03,0.29339
"2239",637.22,0.29249
"2240",637.41,0.28912
"2241",637.6,0.29265
"2242",637.79,0.29293
"2243",637.98,0.29012
"2244",638.17,0.2896
"2245",638.36,0.28325
"2246",638.55,0.27718
"2247",638.74,0.27849
"2248",638.93,0.28099
"2249",639.12,0.27829
"2250",639.31,0.27967
"2251",639.5,0.27595
"2252",639.69,0.27322
"2253",639.88,0.28129
"2254",640.07,0.27349
"2255",640.26,0.28176
"2256",640.45,0.27733
"2257",640.64,0.27931
"2258",640.83,0.27824
"2259",641.02,0.28472
"2260",641.21,0.27588
"2261",641.4,0.26467
"2262",641.59,0.27731
"2263",641.78,0.27965
"2264",641.97,0.27799
"2265",642.16,0.28219
"2266",642.35,0.27971
"2267",642.54,0.27939
"2268",642.73,0.27492
"2269",642.92,0.25878
"2270",643.11,0.2782
"2271",643.3,0.2795
"2272",643.49,0.27003
"2273",643.68,0.27242
"2274",643.87,0.26384
"2275",644.06,0.27174
"2276",644.25,0.26484
"2277",644.44,0.26621
"2278",644.63,0.26383
"2279",644.82,0.26344
"2280",645.01,0.26726
"2281",645.2,0.26596
"2282",645.39,0.26063
"2283",645.58,0.25751
"2284",645.77,0.25702
"2285",645.96,0.26421
"2286",646.15,0.25677
"2287",646.34,0.25843
"2288",646.53,0.25583
"2289",646.72,0.25772
"2290",646.91,0.24972
"2291",647.1,0.26514
"2292",647.29,0.25328
"2293",647.47,0.2582
"2294",647.66,0.25181
"2295",647.85,0.24783
"2296",648.04,0.24843
"2297",648.23,0.2482
"2298",648.42,0.26401
"2299",648.61,0.24225
"2300",648.8,0.25127
"2301",648.99,0.25697
"2302",649.18,0.24519
"2303",649.37,0.25591
"2304",649.56,0.25145
"2305",649.75,0.24884
"2306",649.94,0.2576
"2307",650.13,0.255
"2308",650.31,0.25674
"2309",650.5,0.25175
"2310",650.69,0.25617
"2311",650.88,0.25129
"2312",651.07,0.25251
"2313",651.26,0.25573
"2314",651.45,0.26595
"2315",651.64,0.2585
"2316",651.83,0.25012
"2317",652.02,0.25592
"2318",652.21,0.25094
"2319",652.4,0.25156
"2320",652.58,0.26621
"2321",652.77,0.24964
"2322",652.96,0.24597
"2323",653.15,0.25558
"2324",653.34,0.25331
"2325",653.53,0.25329
"2326",653.72,0.25159
"2327",653.91,0.24204
"2328",654.1,0.24534
"2329",654.29,0.23818
"2330",654.47,0.25211
"2331",654.66,0.23267
"2332",654.85,0.23609
"2333",655.04,0.22978
"2334",655.23,0.23755
"2335",655.42,0.22563
"2336",655.61,0.23426
"2337",655.8,0.23204
"2338",655.98,0.23881
"2339",656.17,0.23745
"2340",656.36,0.24034
"2341",656.55,0.23473
"2342",656.74,0.24675
"2343",656.93,0.24417
"2344",657.12,0.24535
"2345",657.31,0.23635
"2346",657.49,0.25355
"2347",657.68,0.24855
"2348",657.87,0.23564
"2349",658.06,0.25619
"2350",658.25,0.24457
"2351",658.44,0.25384
"2352",658.63,0.24867
"2353",658.81,0.24588
"2354",659,0.25343
"2355",659.19,0.24956
"2356",659.38,0.26373
"2357",659.57,0.26389
"2358",659.76,0.2542
"2359",659.95,0.26635
"2360",660.13,0.24792
"2361",660.32,0.26005
"2362",660.51,0.25617
"2363",660.7,0.26363
"2364",660.89,0.25674
"2365",661.08,0.25955
"2366",661.26,0.25359
"2367",661.45,0.26097
"2368",661.64,0.25449
"2369",661.83,0.25276
"2370",662.02,0.25551
"2371",662.21,0.26143
"2372",662.39,0.26462
"2373",662.58,0.25584
"2374",662.77,0.2691
"2375",662.96,0.26216
"2376",663.15,0.25355
"2377",663.33,0.2665
"2378",663.52,0.25676
"2379",663.71,0.25729
"2380",663.9,0.25765
"2381",664.09,0.24864
"2382",664.28,0.25446
"2383",664.46,0.24864
"2384",664.65,0.25053
"2385",664.84,0.24468
"2386",665.03,0.25368
"2387",665.22,0.25769
"2388",665.4,0.25751
"2389",665.59,0.25242
"2390",665.78,0.25122
"2391",665.97,0.25066
"2392",666.16,0.25759
"2393",666.34,0.26266
"2394",666.53,0.25116
"2395",666.72,0.26287
"2396",666.91,0.25601
"2397",667.09,0.25631
"2398",667.28,0.26232
"2399",667.47,0.26055
"2400",667.66,0.25698
"2401",667.85,0.25636
"2402",668.03,0.23044
"2403",668.22,0.26322
"2404",668.41,0.25694
"2405",668.6,0.24061
"2406",668.78,0.26193
"2407",668.97,0.25447
"2408",669.16,0.24792
"2409",669.35,0.26111
"2410",669.54,0.24709
"2411",669.72,0.26147
"2412",669.91,0.25412
"2413",670.1,0.25737
"2414",670.29,0.25631
"2415",670.47,0.26115
"2416",670.66,0.26426
"2417",670.85,0.25598
"2418",671.04,0.24676
"2419",671.22,0.24648
"2420",671.41,0.2554
"2421",671.6,0.25515
"2422",671.79,0.256
"2423",671.97,0.25
"2424",672.16,0.26381
"2425",672.35,0.25918
"2426",672.54,0.25903
"2427",672.72,0.25209
"2428",672.91,0.24579
"2429",673.1,0.25141
"2430",673.28,0.24695
"2431",673.47,0.24826
"2432",673.66,0.24915
"2433",673.85,0.26165
"2434",674.03,0.25342
"2435",674.22,0.25185
"2436",674.41,0.2454
"2437",674.6,0.24586
"2438",674.78,0.23543
"2439",674.97,0.24184
"2440",675.16,0.26502
"2441",675.34,0.25533
"2442",675.53,0.24803
"2443",675.72,0.24201
"2444",675.91,0.26249
"2445",676.09,0.25267
"2446",676.28,0.25926
"2447",676.47,0.2553
"2448",676.65,0.24257
"2449",676.84,0.25215
"2450",677.03,0.25852
"2451",677.22,0.24784
"2452",677.4,0.25657
"2453",677.59,0.25278
"2454",677.78,0.249
"2455",677.96,0.25366
"2456",678.15,0.26012
"2457",678.34,0.26902
"2458",678.52,0.25048
"2459",678.71,0.25387
"2460",678.9,0.25494
"2461",679.08,0.25896
"2462",679.27,0.24915
"2463",679.46,0.26623
"2464",679.64,0.25887
"2465",679.83,0.25467
"2466",680.02,0.2561
"2467",680.21,0.24002
"2468",680.39,0.26385
"2469",680.58,0.25651
"2470",680.77,0.25419
"2471",680.95,0.25489
"2472",681.14,0.24303
"2473",681.33,0.2557
"2474",681.51,0.26245
"2475",681.7,0.25893
"2476",681.89,0.26297
"2477",682.07,0.2557
"2478",682.26,0.24075
"2479",682.44,0.25969
"2480",682.63,0.25771
"2481",682.82,0.26306
"2482",683,0.23898
"2483",683.19,0.25371
"2484",683.38,0.25841
"2485",683.56,0.26089
"2486",683.75,0.25555
"2487",683.94,0.24266
"2488",684.12,0.24109
"2489",684.31,0.25392
"2490",684.5,0.25564
"2491",684.68,0.24233
"2492",684.87,0.24233
"2493",685.05,0.24486
"2494",685.24,0.23113
"2495",685.43,0.23884
"2496",685.61,0.23791
"2497",685.8,0.22749
"2498",685.99,0.2377
"2499",686.17,0.22436
"2500",686.36,0.23892
"2501",686.54,0.23791
"2502",686.73,0.23236
"2503",686.92,0.23254
"2504",687.1,0.22712
"2505",687.29,0.2372
"2506",687.48,0.22547
"2507",687.66,0.24331
"2508",687.85,0.22867
"2509",688.03,0.23437
"2510",688.22,0.22349
"2511",688.41,0.23894
"2512",688.59,0.22493
"2513",688.78,0.24175
"2514",688.96,0.2464
"2515",689.15,0.25479
"2516",689.34,0.22776
"2517",689.52,0.25981
"2518",689.71,0.24974
"2519",689.89,0.25737
"2520",690.08,0.26852
"2521",690.27,0.25927
"2522",690.45,0.25556
"2523",690.64,0.25529
"2524",690.82,0.24985
"2525",691.01,0.26265
"2526",691.19,0.25866
"2527",691.38,0.26555
"2528",691.57,0.27301
"2529",691.75,0.26254
"2530",691.94,0.27838
"2531",692.12,0.26983
"2532",692.31,0.28163
"2533",692.5,0.27375
"2534",692.68,0.28169
"2535",692.87,0.29007
"2536",693.05,0.28491
"2537",693.24,0.27437
"2538",693.42,0.28227
"2539",693.61,0.29067
"2540",693.79,0.2992
"2541",693.98,0.28817
"2542",694.17,0.29711
"2543",694.35,0.30944
"2544",694.54,0.31114
"2545",694.72,0.30626
"2546",694.91,0.30911
"2547",695.09,0.31203
"2548",695.28,0.31448
"2549",695.46,0.31864
"2550",695.65,0.32222
"2551",695.83,0.32616
"2552",696.02,0.33502
"2553",696.21,0.33963
"2554",696.39,0.33085
"2555",696.58,0.3407
"2556",696.76,0.3182
"2557",696.95,0.33251
"2558",697.13,0.33628
"2559",697.32,0.34299
"2560",697.5,0.34306
"2561",697.69,0.3476
"2562",697.87,0.35565
"2563",698.06,0.35773
"2564",698.24,0.34815
"2565",698.43,0.3545
"2566",698.61,0.37313
"2567",698.8,0.36449
"2568",698.98,0.3744
"2569",699.17,0.35113
"2570",699.35,0.37218
"2571",699.54,0.36814
"2572",699.72,0.35589
"2573",699.91,0.38129
"2574",700.09,0.38198
"2575",700.28,0.38653
"2576",700.46,0.3884
"2577",700.65,0.38592
"2578",700.83,0.39594
"2579",701.02,0.40205
"2580",701.2,0.37827
"2581",701.39,0.41163
"2582",701.57,0.40389
"2583",701.76,0.39394
"2584",701.94,0.40542
"2585",702.13,0.41113
"2586",702.31,0.3916
"2587",702.5,0.43933
"2588",702.68,0.43063
"2589",702.87,0.44022
"2590",703.05,0.44214
"2591",703.24,0.43863
"2592",703.42,0.41369
"2593",703.61,0.45146
"2594",703.79,0.4601
"2595",703.98,0.44073
"2596",704.16,0.45183
"2597",704.35,0.44938
"2598",704.53,0.46071
"2599",704.72,0.46336
"2600",704.9,0.47063
"2601",705.08,0.45858
"2602",705.27,0.48379
"2603",705.45,0.48238
"2604",705.64,0.49071
"2605",705.82,0.48884
"2606",706.01,0.49196
"2607",706.19,0.48697
"2608",706.38,0.49427
"2609",706.56,0.51407
"2610",706.75,0.51328
"2611",706.93,0.51062
"2612",707.11,0.49683
"2613",707.3,0.52098
"2614",707.48,0.5204
"2615",707.67,0.5102
"2616",707.85,0.5193
"2617",708.04,0.53084
"2618",708.22,0.53107
"2619",708.4,0.52451
"2620",708.59,0.5216
"2621",708.77,0.54748
"2622",708.96,0.54307
"2623",709.14,0.55235
"2624",709.33,0.54869
"2625",709.51,0.56075
"2626",709.69,0.56342
"2627",709.88,0.56953
"2628",710.06,0.56786
"2629",710.25,0.56006
"2630",710.43,0.57305
"2631",710.62,0.58404
"2632",710.8,0.57846
"2633",710.98,0.58809
"2634",711.17,0.58524
"2635",711.35,0.59324
"2636",711.54,0.59981
"2637",711.72,0.58975
"2638",711.9,0.60553
"2639",712.09,0.60646
"2640",712.27,0.59058
"2641",712.46,0.60486
"2642",712.64,0.59535
"2643",712.82,0.61672
"2644",713.01,0.61844
"2645",713.19,0.61756
"2646",713.37,0.60845
"2647",713.56,0.60531
"2648",713.74,0.61935
"2649",713.93,0.60863
"2650",714.11,0.6014
"2651",714.29,0.58626
"2652",714.48,0.60681
"2653",714.66,0.60291
"2654",714.85,0.58819
"2655",715.03,0.58815
"2656",715.21,0.58179
"2657",715.4,0.56872
"2658",715.58,0.5677
"2659",715.76,0.55343
"2660",715.95,0.5575
"2661",716.13,0.57035
"2662",716.31,0.5581
"2663",716.5,0.54861
"2664",716.68,0.53611
"2665",716.87,0.54496
"2666",717.05,0.54227
"2667",717.23,0.52439
"2668",717.42,0.53437
"2669",717.6,0.52619
"2670",717.78,0.5321
"2671",717.97,0.53101
"2672",718.15,0.52659
"2673",718.33,0.52291
"2674",718.52,0.53593
"2675",718.7,0.54469
"2676",718.88,0.53433
"2677",719.07,0.56679
"2678",719.25,0.55086
"2679",719.43,0.56294
"2680",719.62,0.56192
"2681",719.8,0.56706
"2682",719.98,0.58848
"2683",720.17,0.58443
"2684",720.35,0.58862
"2685",720.53,0.60758
"2686",720.72,0.61697
"2687",720.9,0.61044
"2688",721.08,0.60805
"2689",721.27,0.61666
"2690",721.45,0.61925
"2691",721.63,0.6196
"2692",721.82,0.63099
"2693",722,0.6222
"2694",722.18,0.62356
"2695",722.36,0.64054
"2696",722.55,0.63651
"2697",722.73,0.63777
"2698",722.91,0.63739
"2699",723.1,0.64834
"2700",723.28,0.63988
"2701",723.46,0.61693
"2702",723.65,0.63537
"2703",723.83,0.63636
"2704",724.01,0.63256
"2705",724.19,0.64511
"2706",724.38,0.64602
"2707",724.56,0.65279
"2708",724.74,0.66154
"2709",724.93,0.63911
"2710",725.11,0.64631
"2711",725.29,0.66514
"2712",725.47,0.66526
"2713",725.66,0.66869
"2714",725.84,0.66744
"2715",726.02,0.67383
"2716",726.21,0.68939
"2717",726.39,0.67739
"2718",726.57,0.68532
"2719",726.75,0.68297
"2720",726.94,0.70258
"2721",727.12,0.69113
"2722",727.3,0.69191
"2723",727.48,0.6884
"2724",727.67,0.70885
"2725",727.85,0.70243
"2726",728.03,0.71317
"2727",728.21,0.72763
"2728",728.4,0.71421
"2729",728.58,0.73719
"2730",728.76,0.72893
"2731",728.94,0.74104
"2732",729.13,0.75332
"2733",729.31,0.74029
"2734",729.49,0.75711
"2735",729.67,0.76131
"2736",729.86,0.77183
"2737",730.04,0.76092
"2738",730.22,0.78785
"2739",730.4,0.78983
"2740",730.59,0.79815
"2741",730.77,0.80759
"2742",730.95,0.82799
"2743",731.13,0.82734
"2744",731.31,0.83786
"2745",731.5,0.82679
"2746",731.68,0.86287
"2747",731.86,0.85764
"2748",732.04,0.8729
"2749",732.23,0.89154
"2750",732.41,0.88835
"2751",732.59,0.89994
"2752",732.77,0.90696
"2753",732.95,0.91362
"2754",733.14,0.91149
"2755",733.32,0.93535
"2756",733.5,0.93251
"2757",733.68,0.93413
"2758",733.86,0.93913
"2759",734.05,0.95379
"2760",734.23,0.96272
"2761",734.41,0.94083
"2762",734.59,0.95889
"2763",734.77,0.96678
"2764",734.96,0.95017
"2765",735.14,0.98415
"2766",735.32,0.98393
"2767",735.5,0.98684
"2768",735.68,1.0072
"2769",735.87,0.99674
"2770",736.05,1.0209
"2771",736.23,0.98815
"2772",736.41,1.02
"2773",736.59,1.0172
"2774",736.77,1.0152
"2775",736.96,1.0161
"2776",737.14,1.0082
"2777",737.32,1.0353
"2778",737.5,1.0452
"2779",737.68,1.0419
"2780",737.87,1.0501
"2781",738.05,1.0645
"2782",738.23,1.037
"2783",738.41,1.0522
"2784",738.59,1.0612
"2785",738.77,1.0686
"2786",738.95,1.0836
"2787",739.14,1.0602
"2788",739.32,1.0648
"2789",739.5,1.0928
"2790",739.68,1.0712
"2791",739.86,1.083
"2792",740.04,1.0818
"2793",740.23,1.0685
"2794",740.41,1.0971
"2795",740.59,1.1037
"2796",740.77,1.1133
"2797",740.95,1.1054
"2798",741.13,1.1035
"2799",741.31,1.1025
"2800",741.5,1.1102
"2801",741.68,1.1096
"2802",741.86,1.111
"2803",742.04,1.1337
"2804",742.22,1.1427
"2805",742.4,1.1366
"2806",742.58,1.1458
"2807",742.76,1.1522
"2808",742.95,1.1278
"2809",743.13,1.1652
"2810",743.31,1.1601
"2811",743.49,1.1563
"2812",743.67,1.1773
"2813",743.85,1.1736
"2814",744.03,1.1649
"2815",744.21,1.1762
"2816",744.39,1.162
"2817",744.58,1.1865
"2818",744.76,1.1857
"2819",744.94,1.1984
"2820",745.12,1.187
"2821",745.3,1.1774
"2822",745.48,1.194
"2823",745.66,1.2016
"2824",745.84,1.1787
"2825",746.02,1.1809
"2826",746.2,1.1939
"2827",746.38,1.2032
"2828",746.57,1.2211
"2829",746.75,1.1817
"2830",746.93,1.2098
"2831",747.11,1.1905
"2832",747.29,1.2045
"2833",747.47,1.217
"2834",747.65,1.2132
"2835",747.83,1.1885
"2836",748.01,1.2074
"2837",748.19,1.2117
"2838",748.37,1.2108
"2839",748.55,1.2112
"2840",748.73,1.2043
"2841",748.92,1.218
"2842",749.1,1.206
"2843",749.28,1.2265
"2844",749.46,1.2112
"2845",749.64,1.2033
"2846",749.82,1.2118
"2847",750,1.226
